<?xml version="1.0" encoding="UTF-8"?>
<beans:beans xmlns="http://www.springframework.org/schema/mvc"
	xmlns:xsi="http://www.w3.org/2001/XMLSchema-instance" xmlns:beans="http://www.springframework.org/schema/beans"
	xmlns:context="http://www.springframework.org/schema/context" xmlns:tx="http://www.springframework.org/schema/tx"
	xsi:schemaLocation="http://www.springframework.org/schema/mvc http://www.springframework.org/schema/mvc/spring-mvc.xsd
		http://www.springframework.org/schema/beans http://www.springframework.org/schema/beans/spring-beans.xsd
		http://www.springframework.org/schema/context http://www.springframework.org/schema/context/spring-context.xsd
		http://www.springframework.org/schema/tx http://www.springframework.org/schema/tx/spring-tx-4.0.xsd">

	<!-- DispatcherServlet Context: defines this servlet's request-processing 
		infrastructure -->

	<!-- Enables the Spring MVC @Controller programming model -->
	<annotation-driven />

	<!-- Handles HTTP GET requests for /resources/** by efficiently serving 
		up static resources in the ${webappRoot}/resources directory -->
	<resources mapping="/resources/**" location="/resources/" />

	<resources mapping="/projectview/**" location="/project/" />
	<resources mapping="/app/**" location="/project/app/" />
	<resources mapping="/controller/**" location="/project/app/controller/*.js" />
	<resources mapping="/model/**" location="/project/app/model/*.js" />
	<resources mapping="/store/**" location="/project/app/store.*js" />
	<resources mapping="/view/**" location="/project/app/view/*.js" />
	<resources mapping="/resources/img/**" location="/project/resources/img/*.png" />

	<!-- Resolves views selected for rendering by @Controllers to .jsp resources 
		in the /WEB-INF/views directory -->
	<beans:bean
		class="org.springframework.web.servlet.view.InternalResourceViewResolver">
		<beans:property name="prefix" value="/WEB-INF/views/" />
		<beans:property name="suffix" value=".jsp" />
	</beans:bean>

<context:component-scan base-package="com.oocl.mnlbc.controller" />

	<beans:bean id="dataSource" class="org.apache.commons.dbcp.BasicDataSource">
		<beans:property name="driverClassName" value="oracle.jdbc.driver.OracleDriver" />
		<beans:property name="url"
			value="jdbc:oracle:thin:@localhost:1521:xe" />
		<beans:property name="username" value="GROUP2" />
		<beans:property name="password" value="GROUP2" />
	</beans:bean>

	<!-- Hibernate 4 SessionFactory Bean definition -->
	<beans:bean id="hibernate4AnnotatedSessionFactory"
		class="org.springframework.orm.hibernate4.LocalSessionFactoryBean">
		<beans:property name="dataSource" ref="dataSource" />
		<beans:property name="annotatedClasses">
			<beans:list>
				<beans:value>com.oocl.mnlbc.model.Product</beans:value>
				<beans:value>com.oocl.mnlbc.model.Order</beans:value>
				<beans:value>com.oocl.mnlbc.model.OrderProduct</beans:value>
				<beans:value>com.oocl.mnlbc.model.User</beans:value>
				<beans:value>com.oocl.mnlbc.model.CartProduct</beans:value>
			</beans:list>
		</beans:property>
		<beans:property name="hibernateProperties">
			<beans:props>
				<beans:prop key="hibernate.dialect">org.hibernate.dialect.Oracle10gDialect
				</beans:prop>
				<beans:prop key="hibernate.show_sql">true</beans:prop>
			</beans:props>
		</beans:property>
	</beans:bean>

	<beans:bean id="productDAO" class="com.oocl.mnlbc.dao.ProductDAOImpl">
		<beans:property name="sessionFactory"
			ref="hibernate4AnnotatedSessionFactory" />
	</beans:bean>
	<beans:bean id="productService" class="com.oocl.mnlbc.dao.ProductSVCImpl">
		<beans:property name="productDAO" ref="productDAO"></beans:property>
	</beans:bean>

	<beans:bean id="orderProductDAO" class="com.oocl.mnlbc.dao.OrderProductDAOImpl">
		<beans:property name="sessionFactory"
			ref="hibernate4AnnotatedSessionFactory" />
	</beans:bean>
	<beans:bean id="orderProductService" class="com.oocl.mnlbc.dao.OrderProductSVCImpl">
		<beans:property name="orderProductDAO" ref="orderProductDAO"></beans:property>
	</beans:bean>

	<beans:bean id="orderDAO" class="com.oocl.mnlbc.dao.OrdersDAOImpl">
		<beans:property name="sessionFactory"
			ref="hibernate4AnnotatedSessionFactory" />
	</beans:bean>
	<beans:bean id="ordersService" class="com.oocl.mnlbc.dao.OrdersSVCImpl">
		<beans:property name="orderDAO" ref="orderDAO"></beans:property>
	</beans:bean>

	<beans:bean id="userDAO" class="com.oocl.mnlbc.dao.UserDAOImpl">
		<beans:property name="sessionFactory"
			ref="hibernate4AnnotatedSessionFactory" />
	</beans:bean>
	<beans:bean id="userService" class="com.oocl.mnlbc.dao.UserSVCImpl">
		<beans:property name="userDAO" ref="userDAO"></beans:property>
	</beans:bean>
	<context:component-scan base-package="com.oocl.mnlbc" />

	<tx:annotation-driven transaction-manager="transactionManager" />

	<beans:bean id="transactionManager"
		class="org.springframework.orm.hibernate4.HibernateTransactionManager">
		<beans:property name="sessionFactory"
			ref="hibernate4AnnotatedSessionFactory" />
	</beans:bean>




</beans:beans>
