--ITEM NO.1
CREATE TABLE USERS
(
USERID INT NOT NULL,
FIRST_NAME VARCHAR(30) NOT NULL,
LAST_NAME VARCHAR(30) NOT NULL,
AGE INT,
EMAIL_ADDRESS VARCHAR(50),
HOME_ADDRESS VARCHAR(50),
PRIMARY KEY (USERID)
);

INSERT INTO USERS VALUES (1, 'Nicki','Minaj',20,'nickiminaj@gmail.com','123 California');
INSERT INTO USERS VALUES (3, 'Justin','Bieber',21,'justinbieber@gmail.com','456 Canada');
INSERT INTO USERS VALUES (2, 'Taylor','Swift',22,'taylorswift@gmail.com','123 Tenesse');
INSERT INTO USERS VALUES (4, 'Rihanna','Santos',25,'rihannasantos@gmail.com','789 San Francisco');
INSERT INTO USERS VALUES (5, 'Kendall','Jenner',23,'kendalljenner@gmail.com','789 Oregon');


CREATE TABLE ORDERS
(
ORDERID INT NOT NULL,
USERID INT NOT NULL,
ORDERITEMID INT NOT NULL,
QUANTITY INT NOT NULL,
TOTAL_AMOUNT FLOAT NOT NULL,
PRIMARY KEY (ORDERID), 
CONSTRAINT FK_USERORDER FOREIGN KEY (USERID)
REFERENCES USERS(USERID),
CONSTRAINT FK_ITEMDETAIL FOREIGN KEY (ORDERITEMID)
REFERENCES ORDERITEM(ORDERITEMID)
);
INSERT INTO ORDERS VALUES (1,1,2,2,301);
INSERT INTO ORDERS VALUES (2,3,4,2,1500.20);
INSERT INTO ORDERS VALUES (3,4,5,2,600);
INSERT INTO ORDERS VALUES (4,5,1,2,100);
INSERT INTO ORDERS VALUES (5,2,3,2,599.98);

CREATE TABLE ORDERITEM
(
ORDERITEMID INT,
ITEM_NAME VARCHAR(50),
ITEM_DESCRIPTION VARCHAR(150),
ITEM_PRICE FLOAT,
PRIMARY KEY(ORDERITEMID)
);
INSERT INTO ORDERITEM VALUES (1, 'COCKTAIL DRESS 2', 'RED AND BACKLESS',50);
INSERT INTO ORDERITEM VALUES (2, 'SHIRT456', 'PLUNGING NECKLINE',150.99);
INSERT INTO ORDERITEM VALUES (3, 'TUPPERWARE', 'YELLOW AND PLASTIC',299.99);
INSERT INTO ORDERITEM VALUES (4, 'HANDKERCHIEF', 'CHECKERED AND BLUE',750.10);
INSERT INTO ORDERITEM VALUES (5, 'MUG', 'MICKEY MOUSE MUG RED',300);

--DML
INSERT INTO ORDERITEM VALUES (6, 'POLO20','LONGSLEEVE',150);
UPDATE USERS SET AGE=32 WHERE FIRST_NAME='Rihanna';
DELETE FROM ORDERITEM WHERE ITEM_NAME='POLO20';

--DQL
SELECT * FROM ORDERS
SELECT * FROM ORDERITEM
SELECT * FROM USERS

--DCL
COMMIT;
ROLLBACK;
GRANT CONNECT, RESOURCE TO TUTOR;

--DDL
CREATE TABLE ADMIN
(
ADMINID INT NOT NULL,
FIRST_NAME VARCHAR(30) NOT NULL,
LAST_NAME VARCHAR(30) NOT NULL,
PRIMARY KEY (ADMINID)
);
--I inserted records for the sake of having something to delete
INSERT INTO ADMIN VALUES(1,'Juan','Dela Cruz');
INSERT INTO ADMIN VALUES(2,'Kylie','Jenner');
DELETE FROM ADMIN WHERE FIRST_NAME='Kylie';
DROP TABLE ADMIN;



